Sensor,Image ID,Time,GPS(Lat),GPS(Long),L*,a*,b*,C*,h,H,S,pf_tree,dir,leaf,side,tree,group,leaf_key,Chl_a,Chl_b,Total_Chl,A645,A663
FT1-N-L1-Top,57768.0,12-May-2026 11:00:50,51.585935,4.793235,45.3,-12.87,22.03,25.51,120.3,78.87,37.89,FT1,N,1,T,T1,Bokashi,T1_N_L1_T,1.45706,7.121519999999999,8.81091,0.407,0.213
FT1-N-L1-Bottom,57770.0,12-May-2026 11:03:56,51.585989,4.793212,41.83,-12.52,18.05,21.97,124.7,85.37,33.97,FT1,N,1,B,T1,Bokashi,T1_N_L1_B,0.9455800000000001,6.00416,7.136770000000001,0.337,0.155
FT1-N-L2-Top,57771.0,12-May-2026 11:06:36,51.585983,4.793209,48.25,-13.71,25.89,29.29,117.9,75.7,41.75,FT1,N,2,T,T1,Bokashi,T1_N_L2_T,0.7147600000000001,6.668419999999999,7.5804100000000005,0.367,0.143
FT1-N-L2-Bottom,57772.0,12-May-2026 11:07:39,51.585965,4.793193,43.9,-13.56,20.72,24.77,123.2,83.2,37.07,FT1,N,2,B,T1,Bokashi,T1_N_L2_B,1.06199,8.13803,9.446650000000002,0.452,0.191
FT1-N-L3-Top,57773.0,12-May-2026 11:08:22,51.585965,4.793196,46.97,-13.72,24.21,27.83,119.5,77.94,40.22,FT1,N,3,T,T1,Bokashi,T1_N_L3_T,1.1979100000000003,5.10337,6.472580000000001,0.295,0.166
FT1-N-L3-Bottom,57775.0,12-May-2026 11:09:42,51.585935,4.793235,46.96,-13.21,23.14,26.65,119.7,78.06,38.5,FT1,N,3,B,T1,Bokashi,T1_N_L3_B,0.94394,6.592979999999999,7.73934,0.368,0.162
FT1-E-L1-Top,57776.0,12-May-2026 11:14:26,51.585978,4.793207,45.47,-13.33,22.34,26.01,120.8,79.67,38.37,FT1,E,1,T,T1,Bokashi,T1_E_L1_T,0.78725,7.05595,8.05286,0.389,0.154
FT1-E-L1-Bottom,57777.0,12-May-2026 11:15:11,51.585978,4.793207,44.67,-13.53,21.57,25.46,122.1,81.56,37.82,FT1,E,1,B,T1,Bokashi,T1_E_L1_B,0.9090800000000003,8.65636,9.82088,0.476,0.184
FT1-E-L2-Top,57778.0,12-May-2026 11:16:23,51.585987,4.793211,46.22,-13.76,23.67,27.38,120.2,78.83,39.96,FT1,E,2,T,T1,Bokashi,T1_E_L2_T,0.8278600000000005,7.589419999999999,8.6422,0.418,0.164
FT1-E-L2-Bottom,57779.0,12-May-2026 11:17:16,51.585987,4.793211,44.81,-13.35,22.1,25.82,121.1,80.14,38.48,FT1,E,2,B,T1,Bokashi,T1_E_L2_B,0.9718700000000002,8.28899,9.50863,0.458,0.185
FT1-E-L3-Top,57780.0,12-May-2026 11:18:13,51.586002,4.793218,43.63,-12.49,20.12,23.69,121.8,81.0,36.01,FT1,E,3,T,T1,Bokashi,T1_E_L3_T,0.83378,8.28896,9.366190000000001,0.455,0.173
FT1-E-L3-Bottom,57781.0,12-May-2026 11:19:22,51.586002,4.793218,43.74,-13.04,20.34,24.16,122.7,82.32,36.44,FT1,E,3,B,T1,Bokashi,T1_E_L3_B,1.18459,9.32073,10.786800000000001,0.517,0.216
FT1-E-L1-Top,57782.0,12-May-2026 11:21:36,51.58597,4.79317,45.76,-12.74,23.03,26.32,119.0,76.97,39.04,FT1,E,1,T,T1,Bokashi,T1_E_L1_T,0.78725,7.05595,8.05286,0.389,0.154
FT1-E-L1-Bottom,57784.0,12-May-2026 11:23:20,51.585957,4.793156,46.3,-13.82,23.88,27.59,120.1,78.68,40.25,FT1,E,1,B,T1,Bokashi,T1_E_L1_B,0.9090800000000003,8.65636,9.82088,0.476,0.184
FT1-E-L2-Top,57785.0,12-May-2026 11:24:22,51.585935,4.793235,46.4,-13.69,23.04,26.8,120.7,79.55,38.87,FT1,E,2,T,T1,Bokashi,T1_E_L2_T,0.8278600000000005,7.589419999999999,8.6422,0.418,0.164
FT1-E-L2-Bottom,57786.0,12-May-2026 11:25:31,51.585935,4.793235,44.7,-13.23,20.49,24.39,122.8,82.56,36.07,FT1,E,2,B,T1,Bokashi,T1_E_L2_B,0.9718700000000002,8.28899,9.50863,0.458,0.185
FT1-E-L3-Top,57787.0,12-May-2026 11:26:48,51.586016,4.793223,42.32,-13.05,19.04,23.09,124.4,84.97,35.38,FT1,E,3,T,T1,Bokashi,T1_E_L3_T,0.83378,8.28896,9.366190000000001,0.455,0.173
FT1-E-L3-Bottom,57788.0,12-May-2026 11:27:37,51.585945,4.793191,43.78,-12.95,20.05,23.87,122.9,82.56,35.94,FT1,E,3,B,T1,Bokashi,T1_E_L3_B,1.18459,9.32073,10.786800000000001,0.517,0.216
FT1-W-L1-Top,57789.0,12-May-2026 11:30:52,51.585963,4.793191,53.14,-13.5,31.52,34.28,113.2,69.53,46.03,FT1,W,1,T,T1,Bokashi,T1_W_L1_T,0.5393399999999999,4.95728,5.643490000000002,0.273,0.107
FT1-W-L1-Bottom,57790.0,12-May-2026 11:31:35,51.585963,4.793191,45.76,-13.46,23.09,26.73,120.2,78.88,39.34,FT1,W,1,B,T1,Bokashi,T1_W_L1_B,0.7742700000000002,7.478689999999999,8.4733,0.411,0.158
FT1-W-L2-Top,57791.0,12-May-2026 11:32:25,51.585945,4.793191,46.31,-13.19,23.82,27.23,119.0,77.1,39.97,FT1,W,2,T,T1,Bokashi,T1_W_L2_T,0.8327100000000003,7.966869999999998,9.034550000000001,0.438,0.169
FT1-W-L2-Bottom,57792.0,12-May-2026 11:33:13,51.585938,4.793176,44.35,-13.08,20.86,24.62,122.1,81.45,36.83,FT1,W,2,B,T1,Bokashi,T1_W_L2_B,0.9705300000000001,9.61761,10.87071,0.528,0.201
FT1-W-L3-Top,57793.0,12-May-2026 11:33:58,51.58596,4.793194,47.73,-13.19,25.18,28.43,117.7,75.27,40.96,FT1,W,3,T,T1,Bokashi,T1_W_L3_T,0.5924600000000001,6.2255199999999995,6.999770000000001,0.341,0.127
FT1-W-L3-Bottom,57796.0,12-May-2026 11:35:19,51.585943,4.793191,44.65,-12.55,20.62,24.14,121.3,80.25,36.1,FT1,W,3,B,T1,Bokashi,T1_W_L3_B,0.98923,9.401209999999999,10.667920000000002,0.517,0.2
FT2-N-L1-Top,57797.0,12-May-2026 12:05:12,51.585977,4.793095,44.63,-13.9,21.77,25.83,122.6,82.3,38.26,FT2,N,1,T,T2,Bokashi,T2_N_L1_T,1.2286800000000002,9.16976,10.677340000000001,0.51,0.218
FT2-N-L1-Bottom,57798.0,12-May-2026 12:05:55,51.585935,4.793235,44.34,-13.31,20.43,24.39,123.1,82.94,36.24,FT2,N,1,B,T2,Bokashi,T2_N_L1_B,1.2807300000000001,10.11591,11.701980000000002,0.561,0.234
FT2-N-L2-Top,57799.0,12-May-2026 12:06:52,51.586012,4.79322,43.34,-13.33,19.87,23.93,123.9,84.15,36.06,FT2,N,2,T,T2,Bokashi,T2_N_L2_T,1.1475900000000006,10.73993,12.20506,0.591,0.23
FT2-N-L2-Bottom,57801.0,12-May-2026 12:08:38,51.586021,4.793224,39.18,-12.05,15.0,19.23,128.8,91.75,30.53,FT2,N,2,B,T2,Bokashi,T2_N_L2_B,1.55152,13.03994,14.981950000000001,0.721,0.293
FT2-N-L3-Top,57802.0,12-May-2026 12:09:24,51.586006,4.793227,44.0,-12.67,20.11,23.77,122.2,81.58,35.79,FT2,N,3,T,T2,Bokashi,T2_N_L3_T,1.62536,5.17392,6.9858,0.308,0.204
FT2-N-L3-Bottom,57803.0,12-May-2026 12:10:07,51.586013,4.793227,43.04,-12.89,18.65,22.68,124.7,85.25,34.23,FT2,N,3,B,T2,Bokashi,T2_N_L3_B,1.4723400000000002,12.37058,14.213380000000003,0.684,0.278
FT2-E-L1-Top,57805.0,12-May-2026 12:13:03,51.585935,4.793235,44.72,-13.45,20.65,24.65,123.1,82.95,36.37,FT2,E,1,T,T2,Bokashi,T2_E_L1_T,1.3851,10.357499999999998,12.057540000000001,0.576,0.246
FT2-E-L1-Bottom,57806.0,12-May-2026 12:14:00,51.585936,4.793172,40.35,-12.01,16.12,20.1,126.7,88.33,31.64,FT2,E,1,B,T2,Bokashi,T2_E_L1_B,1.7924400000000005,14.11698,16.33569,0.783,0.327
FT2-E-L2-Top,57807.0,12-May-2026 12:14:47,51.585955,4.793187,41.69,-12.71,17.56,21.68,125.9,87.18,33.33,FT2,E,2,T,T2,Bokashi,T2_E_L2_T,1.4725100000000007,10.473269999999998,12.266490000000001,0.584,0.255
FT2-E-L2-Bottom,57808.0,12-May-2026 12:15:17,51.585961,4.793193,42.43,-12.84,18.43,22.46,124.9,85.58,34.27,FT2,E,2,B,T2,Bokashi,T2_E_L2_B,1.34342,9.501940000000001,11.136560000000001,0.53,0.232
FT2-E-L3-Top,57809.0,12-May-2026 12:15:59,51.585968,4.793196,43.37,-12.66,19.11,22.92,123.5,83.5,34.65,FT2,E,3,T,T2,Bokashi,T2_E_L3_T,1.3542900000000002,10.825529999999999,12.506070000000001,0.6,0.249
FT2-E-L3-Bottom,57810.0,12-May-2026 12:16:51,51.585935,4.793235,42.26,-12.6,18.46,22.35,124.3,84.71,34.35,FT2,E,3,B,T2,Bokashi,T2_E_L3_B,1.2750100000000004,9.90957,11.484330000000002,0.55,0.231
FT2-S-L1-Top,57811.0,12-May-2026 12:20:01,51.585935,4.793235,41.84,-13.05,18.22,22.41,125.6,86.8,34.4,FT2,S,1,T,T2,Bokashi,T2_S_L1_T,1.58588,9.74356,11.634560000000002,0.548,0.256
FT2-S-L1-Bottom,57812.0,12-May-2026 12:20:53,51.586037,4.793066,40.27,-12.04,16.05,20.06,126.9,88.66,31.58,FT2,S,1,B,T2,Bokashi,T2_S_L1_B,1.8430900000000001,11.61073,13.815950000000003,0.652,0.301
FT2-S-L2-Top,57813.0,12-May-2026 12:21:32,51.586033,4.793139,40.3,-12.7,16.49,20.81,127.6,89.9,32.51,FT2,S,2,T,T2,Bokashi,T2_S_L2_T,2.082840000000001,12.11908,14.584880000000002,0.684,0.328
FT2-S-L2-Bottom,57814.0,12-May-2026 12:22:23,51.586029,4.793199,40.15,-11.71,15.38,19.33,127.3,89.21,30.45,FT2,S,2,B,T2,Bokashi,T2_S_L2_B,2.02032,10.83574,13.203410000000002,0.615,0.307
FT2-S-L3-Top,57815.0,12-May-2026 12:23:14,51.586001,4.793207,40.1,-12.13,16.13,20.19,126.9,88.77,31.86,FT2,S,3,T,T2,Bokashi,T2_S_L3_T,2.0827400000000003,11.87248,14.331710000000001,0.671,0.325
FT2-S-L3-Bottom,57816.0,12-May-2026 12:23:49,51.586001,4.793207,40.18,-11.71,15.49,19.42,127.1,88.93,30.61,FT2,S,3,B,T2,Bokashi,T2_S_L3_B,2.2651199999999996,12.214739999999997,14.87103,0.693,0.345
FT2-W-L1-Top,57817.0,12-May-2026 12:25:33,51.585935,4.793235,46.82,-14.54,24.32,28.34,120.9,79.95,40.71,FT2,W,1,T,T2,Bokashi,T2_W_L1_T,1.2506600000000003,7.775719999999999,9.26941,0.437,0.203
FT2-W-L1-Bottom,57818.0,12-May-2026 12:26:19,51.585948,4.793176,44.25,-13.53,20.97,24.95,122.8,82.62,37.19,FT2,W,1,B,T2,Bokashi,T2_W_L1_B,1.61398,9.54226,11.45696,0.538,0.256
FT2-W-L2-Top,57819.0,12-May-2026 12:27:05,51.586019,4.79321,44.84,-13.3,21.51,25.3,121.7,80.97,37.55,FT2,W,2,T,T2,Bokashi,T2_W_L2_T,1.6247200000000002,8.228739999999998,10.12007,0.469,0.241
FT2-W-L2-Bottom,57822.0,12-May-2026 12:28:49,51.586039,4.793097,43.46,-13.23,19.93,23.92,123.6,83.68,36.05,FT2,W,2,B,T2,Bokashi,T2_W_L2_B,1.7579900000000004,10.241829999999998,12.32339,0.578,0.277
FT2-W-L3-Top,57823.0,12-May-2026 12:29:52,51.585996,4.793145,44.41,-13.91,21.51,25.61,122.9,82.78,38.02,FT2,W,3,T,T2,Bokashi,T2_W_L3_T,1.9153500000000003,9.11455,11.32883,0.522,0.277
FT2-W-L3-Bottom,57824.0,12-May-2026 12:30:55,51.585991,4.793171,42.18,-12.81,18.05,22.13,125.4,86.33,33.82,FT2,W,3,B,T2,Bokashi,T2_W_L3_B,1.9197300000000002,10.64951,12.908560000000001,0.603,0.296
NFT4-N-L1-Top,58259.0,19-May-2026 10:24:01,51.586016,4.793202,44.21,-12.82,20.6,24.26,121.9,81.13,36.45,NFT4,N,1,T,T4,Untreated,T4_N_L1_T,1.0552000000000001,7.6095999999999995,8.897359999999999,0.424,0.184
NFT4-N-L1-Bottom,58260.0,19-May-2026 10:24:40,51.586016,4.793202,42.34,-12.99,18.91,22.95,124.5,85.06,35.14,NFT4,N,1,B,T4,Untreated,T4_N_L1_B,1.04911,8.807369999999999,10.12026,0.487,0.198
NFT4-N-L2-Top,58261.0,19-May-2026 10:30:21,51.586123,4.793127,43.33,-11.93,19.26,22.66,121.8,80.81,34.69,NFT4,N,2,T,T4,Untreated,T4_N_L2_T,1.2221900000000003,9.381129999999999,10.887560000000002,0.521,0.22
NFT4-N-L2-Bottom,58262.0,19-May-2026 10:31:33,51.586053,4.793176,39.61,-11.66,15.55,19.44,126.9,88.57,31.06,NFT4,N,2,B,T4,Untreated,T4_N_L2_B,0.8778700000000002,8.13799,9.256730000000001,0.448,0.175
NFT4-N-L3-Top,58263.0,19-May-2026 10:32:25,51.586029,4.793193,41.13,-12.33,17.8,21.65,124.7,85.3,33.97,NFT4,N,3,T,T4,Untreated,T4_N_L3_T,1.11113,8.857709999999999,10.23588,0.491,0.204
NFT4-N-L3-Bottom,58264.0,19-May-2026 10:32:52,51.586021,4.793198,40.26,-11.91,15.6,19.62,127.4,89.37,30.81,NFT4,N,3,B,T4,Untreated,T4_N_L3_B,1.5293100000000004,11.550270000000001,13.43031,0.642,0.273
NFT4-E-L1-Top,58265.0,19-May-2026 10:33:56,51.586021,4.793198,40.22,-11.74,15.62,19.54,126.9,88.65,30.81,NFT4,E,1,T,T4,Untreated,T4_E_L1_T,1.3160200000000004,11.42944,13.086350000000001,0.631,0.253
NFT4-E-L1-Bottom,58266.0,19-May-2026 10:34:40,51.586018,4.7932,40.7,-11.92,16.21,20.13,126.3,87.73,31.54,NFT4,E,1,B,T4,Untreated,T4_E_L1_B,1.4694300000000005,12.14411,13.977970000000003,0.672,0.275
NFT4-E-L2-Top,58267.0,19-May-2026 10:35:26,51.586017,4.793201,41.16,-10.5,16.53,19.58,122.4,81.52,31.26,NFT4,E,2,T,T4,Untreated,T4_E_L2_T,0.8799800000000002,6.39166,7.46678,0.356,0.154
NFT4-E-L2-Bottom,58268.0,19-May-2026 10:36:01,51.586017,4.793202,41.92,-12.05,17.89,21.57,123.9,84.07,33.5,NFT4,E,2,B,T4,Untreated,T4_E_L2_B,1.27317,10.00519,11.580560000000002,0.555,0.232
NFT4-E-L3-Top,58270.0,19-May-2026 10:37:50,51.586016,4.793202,40.3,-11.82,15.96,19.86,126.5,88.03,31.35,NFT4,E,3,T,T4,Untreated,T4_E_L3_T,1.3207700000000004,11.56029,13.225530000000001,0.638,0.255
NFT4-E-L3-Bottom,58271.0,19-May-2026 10:38:37,51.586016,4.793202,39.0,-11.52,14.45,18.48,128.6,91.3,29.55,NFT4,E,3,B,T4,Untreated,T4_E_L3_B,1.84476,13.412419999999997,15.666610000000002,0.747,0.323
NFT4-S-L1-Top,58272.0,19-May-2026 10:39:22,51.586016,4.793202,40.41,-11.57,16.51,20.16,125.0,85.65,32.09,NFT4,S,1,T,T4,Untreated,T4_S_L1_T,1.6923900000000007,10.62933,12.6534,0.597,0.276
NFT4-S-L1-Bottom,58276.0,19-May-2026 10:40:47,51.586016,4.793202,42.49,-12.49,18.9,22.65,123.5,83.43,34.86,NFT4,S,1,B,T4,Untreated,T4_S_L1_B,1.3289,10.7601,12.412740000000001,0.596,0.246
NFT4-S-L2-Top,58277.0,19-May-2026 10:41:44,51.586016,4.793202,43.47,-12.68,20.19,23.85,122.1,81.47,36.28,NFT4,S,2,T,T4,Untreated,T4_S_L2_T,1.0836000000000001,8.1481,9.479270000000001,0.453,0.193
NFT4-S-L2-Bottom,58278.0,19-May-2026 10:42:07,51.586016,4.793202,41.17,-12.06,17.54,21.28,124.5,84.96,33.42,NFT4,S,2,B,T4,Untreated,T4_S_L2_B,1.0708200000000003,9.064039999999999,10.406050000000002,0.501,0.203
NFT4-S-L3-Top,58281.0,19-May-2026 10:43:22,51.586016,4.793202,39.49,-11.98,15.03,19.22,128.5,91.35,30.37,NFT4,S,3,T,T4,Untreated,T4_S_L3_T,1.59795,14.026349999999999,16.04211,0.774,0.309
NFT4-S-L3-Bottom,58282.0,19-May-2026 10:44:16,51.586016,4.793202,38.65,-11.53,13.99,18.13,129.5,92.89,28.98,NFT4,S,3,B,T4,Untreated,T4_S_L3_B,1.9567200000000002,16.15524,18.59682,0.894,0.366
NFT4-W-L1-Top,58283.0,19-May-2026 10:44:46,51.586016,4.793202,43.24,-12.73,19.91,23.63,122.6,82.15,36.02,NFT4,W,1,T,T4,Untreated,T4_W_L1_T,2.09084,8.68178,11.065690000000002,0.503,0.287
NFT4-W-L1-Bottom,58284.0,19-May-2026 10:45:20,51.586016,4.793202,39.87,-11.99,16.08,20.06,126.7,88.38,31.87,NFT4,W,1,B,T4,Untreated,T4_W_L1_B,1.2071700000000003,9.406289999999998,10.89789,0.522,0.219
NFT4-W-L2-Top,58285.0,19-May-2026 10:45:54,51.586016,4.793201,43.89,-11.46,20.96,23.89,118.7,76.38,36.81,NFT4,W,2,T,T4,Untreated,T4_W_L2_T,1.4835200000000004,7.509039999999999,9.235880000000002,0.428,0.22
NFT4-W-L2-Bottom,58286.0,19-May-2026 10:46:28,51.586016,4.793202,43.63,-11.83,20.43,23.61,120.1,78.4,36.28,NFT4,W,2,B,T4,Untreated,T4_W_L2_B,0.9123600000000003,7.478719999999999,8.61574,0.414,0.17
NFT4-W-L3-Top,58289.0,19-May-2026 10:48:04,51.586016,4.793202,40.92,-12.45,17.28,21.3,125.8,86.97,33.3,NFT4,W,3,T,T4,Untreated,T4_W_L3_T,1.5394800000000004,11.147659999999998,13.027630000000002,0.621,0.269
NFT4-W-L3-Bottom,58290.0,19-May-2026 10:48:32,51.586016,4.793202,41.09,-12.56,16.93,21.08,126.6,88.22,32.66,NFT4,W,3,B,T4,Untreated,T4_W_L3_B,1.5939400000000006,11.08728,13.021830000000001,0.619,0.273
NFT5-N-L1-Top,58291.0,19-May-2026 10:57:55,51.586016,4.793202,47.19,-14.54,24.56,28.54,120.6,79.59,40.8,NFT5,N,1,T,T5,Untreated,T5_N_L1_T,1.12652,7.428439999999999,8.785,0.416,0.188
NFT5-N-L1-Bottom,58292.0,19-May-2026 10:58:36,51.586016,4.793202,44.01,-13.56,20.46,24.55,123.5,83.65,36.59,NFT5,N,1,B,T5,Untreated,T5_N_L1_B,1.13983,10.13601,11.577300000000001,0.559,0.222
NFT5-N-L2-Top,58294.0,19-May-2026 11:00:08,51.586016,4.793202,48.56,-14.25,26.11,29.74,118.6,76.76,41.98,NFT5,N,2,T,T5,Untreated,T5_N_L2_T,0.57443,5.777609999999999,6.521520000000001,0.317,0.12
NFT5-N-L2-Bottom,58295.0,19-May-2026 11:01:05,51.586016,4.793202,49.64,-14.43,27.5,31.06,117.7,75.52,43.24,NFT5,N,2,B,T5,Untreated,T5_N_L2_B,1.01767,5.40529,6.59654,0.307,0.154
NFT5-N-L3-Top,58296.0,19-May-2026 11:02:04,51.586016,4.793202,50.84,-12.49,28.82,31.41,113.4,69.66,43.74,NFT5,N,3,T,T5,Untreated,T5_N_L3_T,1.1184600000000005,6.084719999999999,7.39773,0.345,0.171
NFT5-N-L3-Bottom,58297.0,19-May-2026 11:02:34,51.586016,4.793202,46.53,-13.38,24.27,27.72,118.9,76.96,40.54,NFT5,N,3,B,T5,Untreated,T5_N_L3_B,0.84345,6.65335,7.69766,0.369,0.154
NFT5-E-L1-Top,58298.0,19-May-2026 11:03:51,51.586016,4.7932,49.25,-14.35,27.48,31.0,117.6,75.36,43.48,NFT5,E,1,T,T5,Untreated,T5_E_L1_T,0.4927400000000002,5.868180000000001,6.53022,0.32,0.114
NFT5-E-L1-Bottom,58299.0,19-May-2026 11:06:31,51.586016,4.793201,48.87,-13.85,26.62,30.01,117.5,75.16,42.39,NFT5,E,1,B,T5,Untreated,T5_E_L1_B,0.7162000000000002,5.586399999999999,6.471500000000001,0.31,0.13
NFT5-E-L2-Top,58300.0,19-May-2026 11:07:16,51.586016,4.793201,47.46,-14.17,24.77,28.54,119.8,78.33,40.81,NFT5,E,2,T,T5,Untreated,T5_E_L2_T,0.5503800000000001,4.38356,5.06611,0.243,0.101
NFT05-E-L2-Bottom,,19-May-2026 11:09:53,51.586016,4.793201,52.89,-12.26,30.67,33.03,111.79,67.55,44.75,NFT05,E,2,B,T5,Untreated,T5_E_L2_B,1.17309,4.1270299999999995,5.4450400000000005,0.243,0.152
NFT5-E-L3-Top,58304.0,19-May-2026 11:10:46,51.586016,4.793201,51.98,-12.06,29.48,31.85,112.3,68.06,43.72,NFT5,E,3,T,T5,Untreated,T5_E_L3_T,1.0992900000000003,7.458629999999999,8.7879,0.417,0.186
NFT5-E-L3-Bottom,58305.0,19-May-2026 11:11:23,51.586016,4.793201,51.41,-12.79,29.32,31.99,113.6,69.86,44.1,NFT5,E,3,B,T5,Untreated,T5_E_L3_B,0.5250900000000002,4.56473,5.22595,0.252,0.101
NFT5-S-L1-Top,58306.0,19-May-2026 11:12:22,51.586016,4.793201,46.05,-13.92,23.78,27.56,120.3,79.1,40.31,NFT5,S,1,T,T5,Untreated,T5_S_L1_T,0.9298900000000001,6.693629999999999,7.82814,0.373,0.162
NFT5-S-L1-Bottom,58307.0,19-May-2026 11:12:56,51.586016,4.793202,42.47,-13.06,19.15,23.18,124.3,84.76,35.46,NFT5,S,1,B,T5,Untreated,T5_S_L1_B,0.9051000000000002,8.107800000000001,9.25383,0.447,0.177
NFT5-S-L2-Top,58308.0,19-May-2026 11:13:30,51.586016,4.793202,49.8,-14.28,28.24,31.65,116.8,74.37,44.15,NFT5,S,2,T,T5,Untreated,T5_S_L2_T,1.0566400000000005,6.5275799999999995,7.78845,0.367,0.171
NFT5-S-L2-Bottom,58309.0,19-May-2026 11:14:05,51.586016,4.793202,47.68,-13.98,25.55,29.12,118.7,76.81,41.75,NFT5,S,2,B,T5,Untreated,T5_S_L2_B,0.6968300000000003,6.46711,7.35533,0.356,0.139
NFT5-S-L3-Top,58310.0,19-May-2026 11:14:47,51.586016,4.793202,50.38,-15.97,28.89,33.01,118.9,77.44,45.05,NFT5,S,3,T,T5,Untreated,T5_S_L3_T,0.6000200000000001,6.336239999999998,7.12119,0.347,0.129
NFT5-S-L3-Bottom,58311.0,19-May-2026 11:15:02,51.586016,4.793202,48.36,-14.67,26.53,30.31,118.9,77.28,42.86,NFT5,S,3,B,T5,Untreated,T5_S_L3_B,1.22296,8.96342,10.45969,0.499,0.215
NFT5-W-L1-Top,58312.0,19-May-2026 11:16:02,51.586016,4.793202,43.39,-13.17,20.13,24.06,123.2,83.13,36.4,NFT5,W,1,T,T5,Untreated,T5_W_L1_T,0.8552899999999999,8.05243,9.14564,0.443,0.172
NFT5-W-L1-Bottom,58314.0,19-May-2026 11:17:30,51.586016,4.793202,41.55,-12.54,17.79,21.77,125.2,86.05,33.74,NFT5,W,1,B,T5,Untreated,T5_W_L1_B,1.2694900000000005,10.196429999999998,11.773019999999999,0.565,0.234
NFT5-W-L2-Top,58316.0,19-May-2026 11:19:32,51.586016,4.793202,41.05,-12.61,17.4,21.49,125.9,87.22,33.47,NFT5,W,2,T,T5,Untreated,T5_W_L2_T,1.2122200000000005,10.276939999999998,11.79658,0.568,0.23
NFT5-W-L2-Bottom,58318.0,19-May-2026 11:27:32,51.586016,4.793202,41.65,-13.24,18.11,22.44,126.2,87.69,34.42,NFT5,W,2,B,T5,Untreated,T5_W_L2_B,1.04543,8.99861,10.31272,0.497,0.2
NFT5-W-L3-Top,58319.0,19-May-2026 11:28:00,51.586016,4.793202,41.33,-12.69,17.75,21.82,125.6,86.65,33.87,NFT5,W,3,T,T5,Untreated,T5_W_L3_T,1.0575400000000001,8.74698,10.066980000000001,0.484,0.198
NFT5-W-L3-Bottom,58321.0,19-May-2026 11:28:42,51.586016,4.793202,40.32,-11.89,16.45,20.3,125.8,87.0,32.16,NFT5,W,3,B,T5,Untreated,T5_W_L3_B,1.1841200000000005,10.478239999999998,11.97418,0.578,0.23
NFT6-N-L1-Top,58322.0,19-May-2026 11:32:08,51.586016,4.793202,43.18,-13.22,20.69,24.56,122.6,82.25,37.44,NFT6,N,1,T,T6,Untreated,T6_N_L1_T,1.38189,9.39123,11.062620000000003,0.525,0.234
NFT6-N-L1-Bottom,58323.0,19-May-2026 11:32:35,51.586016,4.793202,41.09,-12.44,17.31,21.32,125.7,86.85,33.24,NFT6,N,1,B,T6,Untreated,T6_N_L1_B,1.7299900000000006,10.689729999999999,12.754159999999999,0.601,0.28
NFT6-N-L2-Top,58324.0,19-May-2026 11:33:11,51.586016,4.793202,43.83,-13.28,21.19,25.01,122.1,81.49,37.77,NFT6,N,2,T,T6,Untreated,T6_N_L2_T,0.9582900000000003,7.23213,8.410050000000002,0.402,0.171
NFT6-N-L2-Bottom,58326.0,19-May-2026 11:34:16,51.586016,4.793202,41.91,-12.46,17.82,21.74,125.0,85.68,33.52,NFT6,N,2,B,T6,Untreated,T6_N_L2_B,1.3428500000000003,10.412849999999999,12.07077,0.578,0.243
NFT6-N-L3-Top,58327.0,19-May-2026 11:34:56,51.586016,4.793202,45.31,-13.37,23.11,26.7,120.1,78.63,39.68,NFT6,N,3,T,T6,Untreated,T6_N_L3_T,1.03262,7.524039999999999,8.78627,0.419,0.181
NFT6-N-L3-Bottom,58329.0,19-May-2026 11:35:57,51.586016,4.793202,41.62,-12.39,18.23,22.04,124.2,84.54,34.35,NFT6,N,3,B,T6,Untreated,T6_N_L3_B,1.2817,10.191399999999998,11.78045,0.565,0.235
NFT6-E-L1-Top,58331.0,19-May-2026 11:39:56,51.586016,4.793202,43.3,-12.65,20.43,24.03,121.8,80.97,36.76,NFT6,E,1,T,T6,Untreated,T6_E_L1_T,1.2668499999999998,8.31925,9.84389,0.466,0.211
NFT6-E-L1-Bottom,58334.0,19-May-2026 11:41:10,51.586016,4.793202,48.73,-14.16,27.15,30.62,117.5,75.31,43.36,NFT6,E,1,B,T6,Untreated,T6_E_L1_B,0.8837600000000001,6.447019999999999,7.52749,0.359,0.155
NFT6-E-L2-Top,58335.0,19-May-2026 11:41:52,51.586016,4.793202,45.46,-13.04,22.92,26.37,119.7,78.0,39.18,NFT6,E,2,T,T6,Untreated,T6_E_L2_T,0.9195200000000001,6.603039999999999,7.72448,0.368,0.16
NFT6-E-L2-Bottom,58336.0,19-May-2026 11:42:35,51.586016,4.793202,46.36,-13.72,24.52,28.1,119.2,77.55,41.13,NFT6,E,2,B,T6,Untreated,T6_E_L2_B,1.10936,6.80942,8.132050000000001,0.383,0.179
NFT6-E-L3-Top,58337.0,19-May-2026 11:45:24,51.586016,4.793202,45.46,-11.34,22.61,25.29,116.6,73.58,38.21,NFT6,E,3,T,T6,Untreated,T6_E_L3_T,0.6954600000000002,5.40522,6.2641800000000005,0.3,0.126
NFT6-E-L3-Bottom,58338.0,19-May-2026 11:48:09,51.586049,4.793179,46.87,-14.18,24.58,28.38,120.0,78.65,40.97,NFT6,E,3,B,T6,Untreated,T6_E_L3_B,0.9363800000000002,6.482259999999999,7.61792,0.362,0.16
NFT6-S-L1-Top,58339.0,19-May-2026 11:49:50,51.586049,4.793179,48.49,-13.11,26.79,29.82,116.1,73.2,42.74,NFT6,S,1,T,T6,Untreated,T6_S_L1_T,0.71309,4.8667300000000004,5.72975,0.272,0.121
NFT6-S-L1-Bottom,58340.0,19-May-2026 11:50:38,51.586017,4.793201,48.21,-13.87,26.45,29.86,117.7,75.42,42.65,NFT6,S,1,B,T6,Untreated,T6_S_L1_B,0.7903300000000002,5.385109999999999,6.34138,0.301,0.134
NFT6-S-L2-Top,58341.0,19-May-2026 11:51:35,51.586016,4.793201,44.62,-13.0,22.06,25.61,120.5,79.22,38.46,NFT6,S,2,T,T6,Untreated,T6_S_L2_T,1.1781700000000002,7.388189999999999,8.79696,0.415,0.192
NFT6-S-L2-Bottom,58343.0,19-May-2026 11:52:29,51.586016,4.793201,45.48,-13.09,23.13,26.57,119.5,77.82,39.5,NFT6,S,2,B,T6,Untreated,T6_S_L2_B,0.9638100000000001,6.94527,8.121360000000001,0.387,0.168
NFT6-S-L3-Top,58344.0,19-May-2026 11:53:04,51.586016,4.793201,46.55,-13.1,24.46,27.74,118.2,75.99,40.73,NFT6,S,3,T,T6,Untreated,T6_S_L3_T,0.66746,5.8531200000000005,6.69495,0.323,0.129
NFT6-S-L3-Bottom,58345.0,19-May-2026 11:53:38,51.586,4.793185,48.15,-14.22,26.44,30.02,118.3,76.29,42.77,NFT6,S,3,B,T6,Untreated,T6_S_L3_B,1.06062,7.07614,8.355500000000001,0.396,0.178
NFT6-W-L1-Top,58346.0,19-May-2026 11:59:52,51.586,4.793185,47.85,-14.28,26.06,29.72,118.7,76.93,42.46,NFT6,W,1,T,T6,Untreated,T6_W_L1_T,1.2936800000000002,7.3026599999999995,8.82831,0.413,0.201
NFT6-W-L1-Bottom,58347.0,19-May-2026 12:01:05,51.586016,4.793201,41.12,-12.91,17.81,22.0,125.9,87.28,34.18,NFT6,W,1,B,T6,Untreated,T6_W_L1_B,1.2885600000000001,8.57592,10.12968,0.48,0.216
NFT6-W-L2-Top,58348.0,19-May-2026 12:01:36,51.586016,4.793201,43.68,-12.99,20.69,24.43,122.1,81.52,37.01,NFT6,W,2,T,T6,Untreated,T6_W_L2_T,1.7768600000000003,8.12812,10.173710000000002,0.467,0.253
NFT6-W-L2-Bottom,58349.0,19-May-2026 12:02:05,51.586016,4.793201,41.45,-13.12,17.85,22.15,126.3,87.89,34.09,NFT6,W,2,B,T6,Untreated,T6_W_L2_B,1.96499,11.067229999999999,13.38391,0.626,0.305
NFT6-W-L3-Top,58350.0,19-May-2026 12:02:29,51.586049,4.793196,44.43,-13.99,21.43,25.59,123.1,83.14,37.92,NFT6,W,3,T,T6,Untreated,T6_W_L3_T,1.3055200000000002,8.70174,10.27629,0.487,0.219
NFT6-W-L3-Bottom,58351.0,19-May-2026 12:03:11,51.586041,4.793197,41.64,-13.18,17.89,22.22,126.4,88.0,34.04,NFT6,W,3,B,T6,Untreated,T6_W_L3_B,1.5701900000000006,10.433029999999999,12.325930000000001,0.584,0.263
T03-N-L1-Top,58655.0,21-May-2026 09:15:58,51.585801,4.793226,41.46,-12.43,17.23,21.24,125.8,86.97,32.86,T03,N,1,T,T3,Bokashi,T3_N_L1_T,0.9479200000000001,7.141539999999999,8.30639,0.397,0.169
T03-N-L1-Bottom,58661.0,21-May-2026 09:17:13,51.5858,4.793227,40.54,-12.17,15.97,20.08,127.3,89.33,31.33,T03,N,1,B,T3,Bokashi,T3_N_L1_B,1.43257,9.27549,10.99611,0.52,0.237
T03-N-L2-Top,58665.0,21-May-2026 09:18:00,51.5858,4.793228,43.51,-13.93,20.47,24.76,124.2,84.82,37.06,T03,N,2,T,T3,Bokashi,T3_N_L2_T,1.1550200000000002,8.21354,9.620080000000002,0.458,0.2
T03-N-L2-Bottom,58683.0,21-May-2026 09:21:44,51.585797,4.79323,39.78,-11.91,15.34,19.42,127.8,90.15,30.68,T03,N,2,B,T3,Bokashi,T3_N_L2_B,1.4819800000000005,8.344459999999998,10.09162,0.472,0.23
T03-N-L3-Top,58693.0,21-May-2026 09:24:12,51.585796,4.793229,43.46,-13.16,19.77,23.75,123.7,83.8,35.78,T03,N,3,T,T3,Bokashi,T3_N_L3_T,1.2349700000000003,8.465189999999998,9.96078,0.473,0.21
T03-N-L3-Bottom,58437.0,21-May-2026 09:24:46,51.585796,4.793229,39.88,-11.77,15.35,19.35,127.5,89.57,30.59,T03,N,3,B,T3,Bokashi,T3_N_L3_B,1.5871500000000003,10.55885,12.47254,0.591,0.266
T03-W-L1-Top,58713.0,21-May-2026 09:28:45,51.585795,4.793229,42.77,-12.37,18.66,22.39,123.6,83.52,34.25,T03,W,1,T,T3,Bokashi,T3_W_L1_T,1.1869,8.0676,9.503190000000002,0.451,0.201
T03-W-L1-Bottom,58717.0,21-May-2026 09:29:20,51.585795,4.793229,39.84,-12.21,15.36,19.62,128.5,91.25,30.79,T03,W,1,B,T3,Bokashi,T3_W_L1_B,1.5109800000000002,10.362559999999998,12.19255,0.579,0.257
T03-W-L2-Top,58723.0,21-May-2026 09:30:17,51.585794,4.793229,45.32,-13.48,21.66,25.52,121.9,81.22,37.5,T03,W,2,T,T3,Bokashi,T3_W_L2_T,1.4933200000000002,8.510539999999999,10.27375,0.481,0.233
T03-W-L2-Bottom,58725.0,21-May-2026 09:30:31,51.585794,4.793228,40.92,-12.38,16.33,20.5,127.2,89.14,31.74,T03,W,2,B,T3,Bokashi,T3_W_L2_B,1.86343,10.80551,13.01059,0.61,0.293
T03-W-L3-Top,58728.0,21-May-2026 09:31:17,51.585793,4.793228,44.88,-13.32,20.58,24.51,122.9,82.66,36.11,T03,W,3,T,T3,Bokashi,T3_W_L3_T,1.21142,8.30414,9.771220000000001,0.464,0.206
T03-W-L3-Bottom,58733.0,21-May-2026 09:31:57,51.585793,4.793226,44.46,-13.77,21.43,25.47,122.7,82.5,37.83,T03,W,3,B,T3,Bokashi,T3_W_L3_B,0.9878300000000001,5.94881,7.123540000000001,0.335,0.158
T03-E-L1-Top,58751.0,21-May-2026 09:36:21,51.585793,4.793226,45.07,-13.78,22.37,26.28,121.6,80.94,38.83,T03,E,1,T,T3,Bokashi,T3_E_L1_T,0.84432,6.482239999999999,7.52296,0.36,0.152
T03-E-L1-Bottom,58753.0,21-May-2026 09:36:51,51.585793,4.793227,43.8,-13.44,20.5,24.51,123.2,83.22,36.77,T03,E,1,B,T3,Bokashi,T3_E_L1_B,0.97428,7.2824599999999995,8.478190000000001,0.405,0.173
T03-E-L2-Top,58757.0,21-May-2026 09:37:29,51.585793,4.793227,48.02,-13.9,24.82,28.45,119.2,77.52,40.4,T03,E,2,T,T3,Bokashi,T3_E_L2_T,0.87155,6.45205,7.52006,0.359,0.154
T03-E-L2-Bottom,58762.0,21-May-2026 09:38:09,51.585792,4.793227,42.64,-13.08,18.97,23.04,124.6,85.2,35.06,T03,E,2,B,T3,Bokashi,T3_E_L2_B,1.52657,9.426490000000001,11.24801,0.53,0.247
T03-E-L3-Top,58766.0,21-May-2026 09:39:07,51.585792,4.793227,44.91,-13.5,21.86,25.69,121.7,80.95,38.09,T03,E,3,T,T3,Bokashi,T3_E_L3_T,1.3105400000000003,7.18188,8.72175,0.407,0.201
T03-E-L3-Bottom,58772.0,21-May-2026 09:39:50,51.585795,4.793224,41.39,-12.44,17.64,21.59,125.2,86.05,33.58,T03,E,3,B,T3,Bokashi,T3_E_L3_B,1.5015800000000001,10.347459999999998,12.16736,0.578,0.256
T03-S-L1-Top,58785.0,21-May-2026 09:42:13,51.585795,4.793234,40.96,-12.01,16.3,20.25,126.4,87.83,31.54,T03,S,1,T,T3,Bokashi,T3_S_L1_T,1.6776699999999998,11.394289999999998,13.423240000000002,0.637,0.284
T03-S-L1-Top,58797.0,21-May-2026 09:44:19,51.585793,4.793228,40.47,-12.54,16.2,20.48,127.7,90.11,31.86,T03,S,1,T,T3,Bokashi,T3_S_L1_T,1.6776699999999998,11.394289999999998,13.423240000000002,0.637,0.284
T03-S-L2-Top,58799.0,21-May-2026 09:45:04,51.585792,4.793228,41.75,-13.15,18.12,22.39,126.0,87.37,34.33,T03,S,2,T,T3,Bokashi,T3_S_L2_T,1.3460300000000003,8.98861,10.612460000000002,0.503,0.226
T03-S-L2-Bottom,58800.0,21-May-2026 09:45:29,51.585792,4.793228,39.59,-11.8,15.2,19.24,127.8,90.14,30.52,T03,S,2,B,T3,Bokashi,T3_S_L2_B,1.6142100000000004,12.425969999999998,14.41653,0.69,0.291
T03-S-L3-Top,58803.0,21-May-2026 09:46:48,51.586019,4.793353,41.63,-12.34,17.31,21.25,125.5,86.48,32.84,T03,S,3,T,T3,Bokashi,T3_S_L3_T,1.6158200000000005,9.44664,11.360730000000002,0.533,0.255
T03-S-L3-Bottom,58804.0,21-May-2026 09:47:09,51.586019,4.793353,40.68,-12.29,16.37,20.47,126.9,88.69,31.93,T03,S,3,B,T3,Bokashi,T3_S_L3_B,1.8615899999999999,10.901129999999998,13.10682,0.615,0.294
BT7-N-L1-Top,58845.0,27-May-2026 10:36:14,,,37.72,-10.94,12.42,16.55,131.4,96.02,26.65,BT7,N,1,T,T7,Healthy ref,T7_N_L1_T,1.8246900000000006,12.56693,14.77825,0.702,0.311
BT7-N-L1-Bottom,58847.0,27-May-2026 10:37:17,51.586067,4.793355,37.54,-10.65,11.96,16.01,131.7,96.5,25.84,BT7,N,1,B,T7,Healthy ref,T7_N_L1_B,2.08257,13.76979,16.2786,0.771,0.348
BT7-N-L2-Top,58848.0,27-May-2026 10:38:22,51.586067,4.793355,40.42,-11.37,14.69,18.58,127.7,89.89,29.04,BT7,N,2,T,T7,Healthy ref,T7_N_L2_T,1.45816,9.83412,11.595780000000003,0.55,0.246
BT7-N-L2-Bottom,58850.0,27-May-2026 10:39:07,51.586067,4.793355,39.63,-11.31,14.14,18.1,128.6,91.37,28.58,BT7,N,2,B,T7,Healthy ref,T7_N_L2_B,1.72738,11.203059999999999,13.27826,0.628,0.286
BT7-N-L3-Top,58851.0,27-May-2026 10:39:36,51.586067,4.793355,37.65,-11.07,12.5,16.7,131.5,96.28,26.87,BT7,N,3,T,T7,Healthy ref,T7_N_L3_T,1.7126599999999998,11.96802,14.048100000000002,0.668,0.294
BT7-N-L3-Bottom,58852.0,27-May-2026 10:40:00,51.586067,4.793355,37.53,-10.93,12.29,16.45,131.7,96.51,26.52,BT7,N,3,B,T7,Healthy ref,T7_N_L3_B,1.70403,11.535210000000001,13.595040000000001,0.645,0.288
BT7-E-L1-Top,58853.0,27-May-2026 10:40:39,51.586067,4.793355,41.1,-11.15,15.03,18.71,126.6,87.93,29.11,BT7,E,1,T,T7,Healthy ref,T7_E_L1_T,1.6089600000000006,11.062119999999998,13.011500000000002,0.618,0.274
BT7-E-L1-Bottom,58858.0,27-May-2026 10:43:15,51.586067,4.793355,37.27,-10.96,12.1,16.33,132.2,97.43,26.36,BT7,E,1,B,T7,Healthy ref,T7_E_L1_B,2.10147,14.04659,16.582150000000002,0.786,0.353
BT7-E-L2-Top,58859.0,27-May-2026 10:43:45,51.586067,4.793355,37.83,-10.7,12.3,16.3,131.0,95.33,26.28,BT7,E,2,T,T7,Healthy ref,T7_E_L2_T,1.87982,11.84224,14.091410000000002,0.665,0.307
BT7-E-L2-Bottom,58860.0,27-May-2026 10:44:42,51.586067,4.793355,38.47,-11.14,13.2,17.27,130.2,93.94,27.61,BT7,E,2,B,T7,Healthy ref,T7_E_L2_B,1.6120699999999997,11.78179,13.753250000000001,0.656,0.283
BT7-E-L3-Top,58861.0,27-May-2026 10:45:11,51.586067,4.793355,38.34,-11.03,13.07,17.1,130.2,93.91,27.43,BT7,E,3,T,T7,Healthy ref,T7_E_L3_T,1.72497,12.20959,14.308700000000002,0.681,0.298
BT7-E-L3-Bottom,58862.0,27-May-2026 10:46:08,51.586067,4.793355,38.46,-10.81,12.82,16.77,130.1,93.83,26.85,BT7,E,3,B,T7,Healthy ref,T7_E_L3_B,1.6983099999999998,11.328869999999998,13.37739,0.634,0.285
BT7-S-L1-Top,58863.0,27-May-2026 10:46:44,51.586067,4.793355,37.82,-10.86,12.5,16.56,131.0,95.3,26.7,BT7,S,1,T,T7,Healthy ref,T7_S_L1_T,1.5535,8.6565,10.485600000000002,0.49,0.24
BT7-S-L1-Bottom,58864.0,27-May-2026 10:47:41,51.586067,4.793355,38.43,-10.13,12.06,15.75,130.0,93.53,25.32,BT7,S,1,B,T7,Healthy ref,T7_S_L1_B,1.4690000000000003,8.767199999999999,10.512060000000002,0.494,0.234
BT7-S-L2-Top,58866.0,27-May-2026 10:48:45,51.586067,4.793355,38.22,-10.51,12.32,16.2,130.5,94.34,26.03,BT7,S,2,T,T7,Healthy ref,T7_S_L2_T,2.3019100000000003,17.22727,20.05295,0.958,0.409
HT07-S-L2-Bottom,,27-May-2026 10:49:14,51.586067,4.793355,37.62,-11.0,12.43,16.6,131.51,96.25,26.74,HT07,S,2,B,T7,Healthy ref,T7_S_L2_B,1.9182200000000007,13.87544,16.21753,0.773,0.335
BT7-S-L3-Top,58868.0,27-May-2026 10:49:32,51.586067,4.793355,37.77,-11.01,12.56,16.71,131.2,95.78,26.89,BT7,S,3,T,T7,Healthy ref,T7_S_L3_T,1.7544099999999998,10.67967,12.76902,0.601,0.282
BT7-S-L3-Bottom,58869.0,27-May-2026 10:50:13,51.586067,4.793355,38.32,-10.59,12.4,16.31,130.5,94.37,26.14,BT7,S,3,B,T7,Healthy ref,T7_S_L3_B,1.7824100000000005,10.231769999999997,12.33825,0.578,0.279
BT7-W-L1-Top,58873.0,27-May-2026 10:51:29,51.586067,4.793355,38.77,-11.41,13.8,17.9,129.6,92.98,28.55,BT7,W,1,T,T7,Healthy ref,T7_W_L1_T,1.3575699999999997,9.64789,11.300930000000001,0.538,0.235
BT7-W-L1-Bottom,58874.0,27-May-2026 10:51:59,51.586067,4.793355,36.85,-10.62,11.36,15.54,133.1,98.99,25.16,BT7,W,1,B,T7,Healthy ref,T7_W_L1_B,1.7819399999999999,11.389280000000001,13.525630000000001,0.639,0.293
BT7-W-L2-Top,58875.0,27-May-2026 10:52:30,51.586067,4.793355,37.68,-10.81,12.38,16.43,131.1,95.58,26.54,BT7,W,2,T,T7,Healthy ref,T7_W_L2_T,1.7278800000000003,12.436059999999998,14.54411,0.693,0.301
BT7-W-L2-Bottom,58876.0,27-May-2026 10:53:00,51.586067,4.793355,38.88,-11.28,13.62,17.69,129.6,93.02,28.14,BT7,W,2,B,T7,Healthy ref,T7_W_L2_B,1.6661300000000008,10.735009999999999,12.734770000000001,0.602,0.275
BT7-W-L3-Top,58877.0,27-May-2026 10:53:34,51.586067,4.793355,38.75,-10.95,13.13,17.1,129.8,93.3,27.27,BT7,W,3,T,T7,Healthy ref,T7_W_L3_T,1.3109700000000002,10.558789999999998,12.18766,0.585,0.242
BT7-W-L3-Bottom,58878.0,27-May-2026 10:54:12,51.586067,4.793355,38.18,-10.81,12.49,16.51,130.9,95.08,26.45,BT7,W,3,B,T7,Healthy ref,T7_W_L3_B,1.6331800000000005,10.55886,12.52002,0.592,0.27
