Sample,Tree,A645,A663,Chl_a,Chl_b,Total_Chl,Treatment
T1 L1 N-T,T1,0.407,0.213,1.45706,7.121519999999999,8.81091,Bokashi Treated
T1 L1 N-B,T1,0.337,0.155,0.9455800000000001,6.00416,7.136770000000001,Bokashi Treated
T1 L2 N-T,T1,0.367,0.143,0.7147600000000001,6.668419999999999,7.5804100000000005,Bokashi Treated
T1 L2 N-B,T1,0.452,0.191,1.06199,8.13803,9.446650000000002,Bokashi Treated
T1 L3 N-T,T1,0.295,0.166,1.1979100000000003,5.10337,6.472580000000001,Bokashi Treated
T1 L3 N-B,T1,0.368,0.162,0.94394,6.592979999999999,7.73934,Bokashi Treated
T1 L1 E-T,T1,0.389,0.154,0.78725,7.05595,8.05286,Bokashi Treated
T1 L1 E-B,T1,0.476,0.184,0.9090800000000003,8.65636,9.82088,Bokashi Treated
T1 L2 E-T,T1,0.418,0.164,0.8278600000000005,7.589419999999999,8.6422,Bokashi Treated
T1 L2 E-B,T1,0.458,0.185,0.9718700000000002,8.28899,9.50863,Bokashi Treated
T1 L3 E-T,T1,0.455,0.173,0.83378,8.28896,9.366190000000001,Bokashi Treated
T1 L3 E-B,T1,0.517,0.216,1.18459,9.32073,10.786800000000001,Bokashi Treated
T1 L1 S-T,T1,0.413,0.167,0.8785400000000001,7.473679999999999,8.57569,Bokashi Treated
T1 L1 S-B,T1,0.318,0.131,0.7059300000000002,5.74241,6.62101,Bokashi Treated
T1 L2 S-T,T1,0.469,0.188,0.97759,8.49533,9.72628,Bokashi Treated
T1 L2 S-B,T1,0.491,0.216,1.2576500000000002,8.79735,10.32504,Bokashi Treated
T1 L3 S-T,T1,0.569,0.213,1.00184,10.382579999999997,11.68803,Bokashi Treated
T1 L3 S-B,T1,0.506,0.205,1.0811899999999999,9.15463,10.50971,Bokashi Treated
T1 L1 W-T,T1,0.273,0.107,0.5393399999999999,4.95728,5.643490000000002,Bokashi Treated
T1 L1 W-B,T1,0.411,0.158,0.7742700000000002,7.478689999999999,8.4733,Bokashi Treated
T1 L2 W-T,T1,0.438,0.169,0.8327100000000003,7.966869999999998,9.034550000000001,Bokashi Treated
T1 L2 W-B,T1,0.528,0.201,0.9705300000000001,9.61761,10.87071,Bokashi Treated
T1 L3 W-T,T1,0.341,0.127,0.5924600000000001,6.2255199999999995,6.999770000000001,Bokashi Treated
T1 L3 W-B,T1,0.517,0.2,0.98923,9.401209999999999,10.667920000000002,Bokashi Treated
T2 L1 N-T,T2,0.51,0.218,1.2286800000000002,9.16976,10.677340000000001,Bokashi Treated
T2 L1 N-B,T2,0.561,0.234,1.2807300000000001,10.11591,11.701980000000002,Bokashi Treated
T2 L2 N-T,T2,0.591,0.23,1.1475900000000006,10.73993,12.20506,Bokashi Treated
T2 L2 N-B,T2,0.721,0.293,1.55152,13.03994,14.981950000000001,Bokashi Treated
T2 L3 N-T,T2,0.308,0.204,1.62536,5.17392,6.9858,Bokashi Treated
T2 L3 N-B,T2,0.684,0.278,1.4723400000000002,12.37058,14.213380000000003,Bokashi Treated
T2 L1 E-T,T2,0.576,0.246,1.3851,10.357499999999998,12.057540000000001,Bokashi Treated
T2 L1 E-B,T2,0.783,0.327,1.7924400000000005,14.11698,16.33569,Bokashi Treated
T2 L2 E-T,T2,0.584,0.255,1.4725100000000007,10.473269999999998,12.266490000000001,Bokashi Treated
T2 L2 E-B,T2,0.53,0.232,1.34342,9.501940000000001,11.136560000000001,Bokashi Treated
T2 L3 E-T,T2,0.6,0.249,1.3542900000000002,10.825529999999999,12.506070000000001,Bokashi Treated
T2 L3 E-B,T2,0.55,0.231,1.2750100000000004,9.90957,11.484330000000002,Bokashi Treated
T2 L1 S-T,T2,0.548,0.256,1.58588,9.74356,11.634560000000002,Bokashi Treated
T2 L1 S-B,T2,0.652,0.301,1.8430900000000001,11.61073,13.815950000000003,Bokashi Treated
T2 L2 S-T,T2,0.684,0.328,2.082840000000001,12.11908,14.584880000000002,Bokashi Treated
T2 L2 S-B,T2,0.615,0.307,2.02032,10.83574,13.203410000000002,Bokashi Treated
T2 L3 S-T,T2,0.671,0.325,2.0827400000000003,11.87248,14.331710000000001,Bokashi Treated
T2 L3 S-B,T2,0.693,0.345,2.2651199999999996,12.214739999999997,14.87103,Bokashi Treated
T2 L1 W-T,T2,0.437,0.203,1.2506600000000003,7.775719999999999,9.26941,Bokashi Treated
T2 L1 W-B,T2,0.538,0.256,1.61398,9.54226,11.45696,Bokashi Treated
T2 L2 W-T,T2,0.469,0.241,1.6247200000000002,8.228739999999998,10.12007,Bokashi Treated
T2 L2 W-B,T2,0.578,0.277,1.7579900000000004,10.241829999999998,12.32339,Bokashi Treated
T2 L3 W-T,T2,0.522,0.277,1.9153500000000003,9.11455,11.32883,Bokashi Treated
T2 L3 W-B,T2,0.603,0.296,1.9197300000000002,10.64951,12.908560000000001,Bokashi Treated
T3 L1 N-T,T3,0.397,0.169,0.9479200000000001,7.141539999999999,8.30639,Bokashi Treated
T3 L1 N-B,T3,0.52,0.237,1.43257,9.27549,10.99611,Bokashi Treated
T3 L2 N-T,T3,0.458,0.2,1.1550200000000002,8.21354,9.620080000000002,Bokashi Treated
T3 L2 N-B,T3,0.472,0.23,1.4819800000000005,8.344459999999998,10.09162,Bokashi Treated
T3 L3 N-T,T3,0.473,0.21,1.2349700000000003,8.465189999999998,9.96078,Bokashi Treated
T3 L3 N-B,T3,0.591,0.266,1.5871500000000003,10.55885,12.47254,Bokashi Treated
T3 L1 E-T,T3,0.36,0.152,0.84432,6.482239999999999,7.52296,Bokashi Treated
T3 L1 E-B,T3,0.405,0.173,0.97428,7.2824599999999995,8.478190000000001,Bokashi Treated
T3 L2 E-T,T3,0.359,0.154,0.87155,6.45205,7.52006,Bokashi Treated
T3 L2 E-B,T3,0.53,0.247,1.52657,9.426490000000001,11.24801,Bokashi Treated
T3 L3 E-T,T3,0.407,0.201,1.3105400000000003,7.18188,8.72175,Bokashi Treated
T3 L3 E-B,T3,0.578,0.256,1.5015800000000001,10.347459999999998,12.16736,Bokashi Treated
T3 L1 S-T,T3,0.637,0.284,1.6776699999999998,11.394289999999998,13.423240000000002,Bokashi Treated
T3 L1 S-B,T3,0.619,0.275,1.6183600000000007,11.077219999999999,13.036690000000002,Bokashi Treated
T3 L2 S-T,T3,0.503,0.226,1.3460300000000003,8.98861,10.612460000000002,Bokashi Treated
T3 L2 S-B,T3,0.69,0.291,1.6142100000000004,12.425969999999998,14.41653,Bokashi Treated
T3 L3 S-T,T3,0.533,0.255,1.6158200000000005,9.44664,11.360730000000002,Bokashi Treated
T3 L3 S-B,T3,0.615,0.294,1.8615899999999999,10.901129999999998,13.10682,Bokashi Treated
T3 L1 W-T,T3,0.451,0.201,1.1869,8.0676,9.503190000000002,Bokashi Treated
T3 L1 W-B,T3,0.579,0.257,1.5109800000000002,10.362559999999998,12.19255,Bokashi Treated
T3 L2 W-T,T3,0.481,0.233,1.4933200000000002,8.510539999999999,10.27375,Bokashi Treated
T3 L2 W-B,T3,0.61,0.293,1.86343,10.80551,13.01059,Bokashi Treated
T3 L3 W-T,T3,0.464,0.206,1.21142,8.30414,9.771220000000001,Bokashi Treated
T3 L3 W-B,T3,0.335,0.158,0.9878300000000001,5.94881,7.123540000000001,Bokashi Treated
T4 L1 N-T,T4,0.424,0.184,1.0552000000000001,7.6095999999999995,8.897359999999999,Untreated (Unhealthy)
T4 L1 N-B,T4,0.487,0.198,1.04911,8.807369999999999,10.12026,Untreated (Unhealthy)
T4 L2 N-T,T4,0.521,0.22,1.2221900000000003,9.381129999999999,10.887560000000002,Untreated (Unhealthy)
T4 L2 N-B,T4,0.448,0.175,0.8778700000000002,8.13799,9.256730000000001,Untreated (Unhealthy)
T4 L3 N-T,T4,0.491,0.204,1.11113,8.857709999999999,10.23588,Untreated (Unhealthy)
T4 L3 N-B,T4,0.642,0.273,1.5293100000000004,11.550270000000001,13.43031,Untreated (Unhealthy)
T4 L1 E-T,T4,0.631,0.253,1.3160200000000004,11.42944,13.086350000000001,Untreated (Unhealthy)
T4 L1 E-B,T4,0.672,0.275,1.4694300000000005,12.14411,13.977970000000003,Untreated (Unhealthy)
T4 L2 E-T,T4,0.356,0.154,0.8799800000000002,6.39166,7.46678,Untreated (Unhealthy)
T4 L2 E-B,T4,0.555,0.232,1.27317,10.00519,11.580560000000002,Untreated (Unhealthy)
T4 L3 E-T,T4,0.638,0.255,1.3207700000000004,11.56029,13.225530000000001,Untreated (Unhealthy)
T4 L3 E-B,T4,0.747,0.323,1.84476,13.412419999999997,15.666610000000002,Untreated (Unhealthy)
T4 L1 S-T,T4,0.597,0.276,1.6923900000000007,10.62933,12.6534,Untreated (Unhealthy)
T4 L1 S-B,T4,0.596,0.246,1.3289,10.7601,12.412740000000001,Untreated (Unhealthy)
T4 L2 S-T,T4,0.453,0.193,1.0836000000000001,8.1481,9.479270000000001,Untreated (Unhealthy)
T4 L2 S-B,T4,0.501,0.203,1.0708200000000003,9.064039999999999,10.406050000000002,Untreated (Unhealthy)
T4 L3 S-T,T4,0.774,0.309,1.59795,14.026349999999999,16.04211,Untreated (Unhealthy)
T4 L3 S-B,T4,0.894,0.366,1.9567200000000002,16.15524,18.59682,Untreated (Unhealthy)
T4 L1 W-T,T4,0.503,0.287,2.09084,8.68178,11.065690000000002,Untreated (Unhealthy)
T4 L1 W-B,T4,0.522,0.219,1.2071700000000003,9.406289999999998,10.89789,Untreated (Unhealthy)
T4 L2 W-T,T4,0.428,0.22,1.4835200000000004,7.509039999999999,9.235880000000002,Untreated (Unhealthy)
T4 L2 W-B,T4,0.414,0.17,0.9123600000000003,7.478719999999999,8.61574,Untreated (Unhealthy)
T4 L3 W-T,T4,0.621,0.269,1.5394800000000004,11.147659999999998,13.027630000000002,Untreated (Unhealthy)
T4 L3 W-B,T4,0.619,0.273,1.5939400000000006,11.08728,13.021830000000001,Untreated (Unhealthy)
T5 L1 N-T,T5,0.416,0.188,1.12652,7.428439999999999,8.785,Untreated (Unhealthy)
T5 L1 N-B,T5,0.559,0.222,1.13983,10.13601,11.577300000000001,Untreated (Unhealthy)
T5 L2 N-T,T5,0.317,0.12,0.57443,5.777609999999999,6.521520000000001,Untreated (Unhealthy)
T5 L2 N-B,T5,0.307,0.154,1.01767,5.40529,6.59654,Untreated (Unhealthy)
T5 L3 N-T,T5,0.345,0.171,1.1184600000000005,6.084719999999999,7.39773,Untreated (Unhealthy)
T5 L3 N-B,T5,0.369,0.154,0.84345,6.65335,7.69766,Untreated (Unhealthy)
T5 L1 E-T,T5,0.32,0.114,0.4927400000000002,5.868180000000001,6.53022,Untreated (Unhealthy)
T5 L1 E-B,T5,0.31,0.13,0.7162000000000002,5.586399999999999,6.471500000000001,Untreated (Unhealthy)
T5 L2 E-T,T5,0.243,0.101,0.5503800000000001,4.38356,5.06611,Untreated (Unhealthy)
T5 L2 E-B,T5,0.243,0.152,1.17309,4.1270299999999995,5.4450400000000005,Untreated (Unhealthy)
T5 L3 E-T,T5,0.417,0.186,1.0992900000000003,7.458629999999999,8.7879,Untreated (Unhealthy)
T5 L3 E-B,T5,0.252,0.101,0.5250900000000002,4.56473,5.22595,Untreated (Unhealthy)
T5 L1 S-T,T5,0.373,0.162,0.9298900000000001,6.693629999999999,7.82814,Untreated (Unhealthy)
T5 L1 S-B,T5,0.447,0.177,0.9051000000000002,8.107800000000001,9.25383,Untreated (Unhealthy)
T5 L2 S-T,T5,0.367,0.171,1.0566400000000005,6.5275799999999995,7.78845,Untreated (Unhealthy)
T5 L2 S-B,T5,0.356,0.139,0.6968300000000003,6.46711,7.35533,Untreated (Unhealthy)
T5 L3 S-T,T5,0.347,0.129,0.6000200000000001,6.336239999999998,7.12119,Untreated (Unhealthy)
T5 L3 S-B,T5,0.499,0.215,1.22296,8.96342,10.45969,Untreated (Unhealthy)
T5 L1 W-T,T5,0.443,0.172,0.8552899999999999,8.05243,9.14564,Untreated (Unhealthy)
T5 L1 W-B,T5,0.565,0.234,1.2694900000000005,10.196429999999998,11.773019999999999,Untreated (Unhealthy)
T5 L2 W-T,T5,0.568,0.23,1.2122200000000005,10.276939999999998,11.79658,Untreated (Unhealthy)
T5 L2 W-B,T5,0.497,0.2,1.04543,8.99861,10.31272,Untreated (Unhealthy)
T5 L3 W-T,T5,0.484,0.198,1.0575400000000001,8.74698,10.066980000000001,Untreated (Unhealthy)
T5 L3 W-B,T5,0.578,0.23,1.1841200000000005,10.478239999999998,11.97418,Untreated (Unhealthy)
T6 L1 N-T,T6,0.525,0.234,1.38189,9.39123,11.062620000000003,Untreated (Unhealthy)
T6 L1 N-B,T6,0.601,0.28,1.7299900000000006,10.689729999999999,12.754159999999999,Untreated (Unhealthy)
T6 L2 N-T,T6,0.402,0.171,0.9582900000000003,7.23213,8.410050000000002,Untreated (Unhealthy)
T6 L2 N-B,T6,0.578,0.243,1.3428500000000003,10.412849999999999,12.07077,Untreated (Unhealthy)
T6 L3 N-T,T6,0.419,0.181,1.03262,7.524039999999999,8.78627,Untreated (Unhealthy)
T6 L3 N-B,T6,0.565,0.235,1.2817,10.191399999999998,11.78045,Untreated (Unhealthy)
T6 L1 E-T,T6,0.466,0.211,1.2668499999999998,8.31925,9.84389,Untreated (Unhealthy)
T6 L1 E-B,T6,0.359,0.155,0.8837600000000001,6.447019999999999,7.52749,Untreated (Unhealthy)
T6 L2 E-T,T6,0.368,0.16,0.9195200000000001,6.603039999999999,7.72448,Untreated (Unhealthy)
T6 L2 E-B,T6,0.383,0.179,1.10936,6.80942,8.132050000000001,Untreated (Unhealthy)
T6 L3 E-T,T6,0.3,0.126,0.6954600000000002,5.40522,6.2641800000000005,Untreated (Unhealthy)
T6 L3 E-B,T6,0.362,0.16,0.9363800000000002,6.482259999999999,7.61792,Untreated (Unhealthy)
T6 L1 S-T,T6,0.272,0.121,0.71309,4.8667300000000004,5.72975,Untreated (Unhealthy)
T6 L1 S-B,T6,0.301,0.134,0.7903300000000002,5.385109999999999,6.34138,Untreated (Unhealthy)
T6 L2 S-T,T6,0.415,0.192,1.1781700000000002,7.388189999999999,8.79696,Untreated (Unhealthy)
T6 L2 S-B,T6,0.387,0.168,0.9638100000000001,6.94527,8.121360000000001,Untreated (Unhealthy)
T6 L3 S-T,T6,0.323,0.129,0.66746,5.8531200000000005,6.69495,Untreated (Unhealthy)
T6 L3 S-B,T6,0.396,0.178,1.06062,7.07614,8.355500000000001,Untreated (Unhealthy)
T6 L1 W-T,T6,0.413,0.201,1.2936800000000002,7.3026599999999995,8.82831,Untreated (Unhealthy)
T6 L1 W-B,T6,0.48,0.216,1.2885600000000001,8.57592,10.12968,Untreated (Unhealthy)
T6 L2 W-T,T6,0.467,0.253,1.7768600000000003,8.12812,10.173710000000002,Untreated (Unhealthy)
T6 L2 W-B,T6,0.626,0.305,1.96499,11.067229999999999,13.38391,Untreated (Unhealthy)
T6 L3 W-T,T6,0.487,0.219,1.3055200000000002,8.70174,10.27629,Untreated (Unhealthy)
T6 L3 W-B,T6,0.584,0.263,1.5701900000000006,10.433029999999999,12.325930000000001,Untreated (Unhealthy)
T7 L1 N-T,T7,0.702,0.311,1.8246900000000006,12.56693,14.77825,Healthy Reference
T7 L1 N-B,T7,0.771,0.348,2.08257,13.76979,16.2786,Healthy Reference
T7 L2 N-T,T7,0.55,0.246,1.45816,9.83412,11.595780000000003,Healthy Reference
T7 L2 N-B,T7,0.628,0.286,1.72738,11.203059999999999,13.27826,Healthy Reference
T7 L3 N-T,T7,0.668,0.294,1.7126599999999998,11.96802,14.048100000000002,Healthy Reference
T7 L3 N-B,T7,0.645,0.288,1.70403,11.535210000000001,13.595040000000001,Healthy Reference
T7 L1 E-T,T7,0.618,0.274,1.6089600000000006,11.062119999999998,13.011500000000002,Healthy Reference
T7 L1 E-B,T7,0.786,0.353,2.10147,14.04659,16.582150000000002,Healthy Reference
T7 L2 E-T,T7,0.665,0.307,1.87982,11.84224,14.091410000000002,Healthy Reference
T7 L2 E-B,T7,0.656,0.283,1.6120699999999997,11.78179,13.753250000000001,Healthy Reference
T7 L3 E-T,T7,0.681,0.298,1.72497,12.20959,14.308700000000002,Healthy Reference
T7 L3 E-B,T7,0.634,0.285,1.6983099999999998,11.328869999999998,13.37739,Healthy Reference
T7 L1 S-T,T7,0.49,0.24,1.5535,8.6565,10.485600000000002,Healthy Reference
T7 L1 S-B,T7,0.494,0.234,1.4690000000000003,8.767199999999999,10.512060000000002,Healthy Reference
T7 L2 S-T,T7,0.958,0.409,2.3019100000000003,17.22727,20.05295,Healthy Reference
T7 L2 S-B,T7,0.773,0.335,1.9182200000000007,13.87544,16.21753,Healthy Reference
T7 L3 S-T,T7,0.601,0.282,1.7544099999999998,10.67967,12.76902,Healthy Reference
T7 L3 S-B,T7,0.578,0.279,1.7824100000000005,10.231769999999997,12.33825,Healthy Reference
T7 L1 W-T,T7,0.538,0.235,1.3575699999999997,9.64789,11.300930000000001,Healthy Reference
T7 L1 W-B,T7,0.639,0.293,1.7819399999999999,11.389280000000001,13.525630000000001,Healthy Reference
T7 L2 W-T,T7,0.693,0.301,1.7278800000000003,12.436059999999998,14.54411,Healthy Reference
T7 L2 W-B,T7,0.602,0.275,1.6661300000000008,10.735009999999999,12.734770000000001,Healthy Reference
T7 L3 W-T,T7,0.585,0.242,1.3109700000000002,10.558789999999998,12.18766,Healthy Reference
T7 L3 W-B,T7,0.592,0.27,1.6331800000000005,10.55886,12.52002,Healthy Reference
